ID,Date Logged,Category (Risk/Assumption/Issue/Dependency),Title,Description,Impact (Low/Med/High),Probability (Low/Med/High),Owner,Target Resolution Date,Status (Open/Monitoring/Closed),Mitigation / Action Plan,Comments
RA-201,2025-11-10,Risk,Delayed Kerberos Integration,Security team backlog may delay NFSv4 Kerberos integration for customer compliance deadline.,High,Medium,Security Lead,2025-12-10,Open,Escalate to Security Manager and prioritize in Sprint 24.1,Customer has regulatory timeline for Q1 2026.
RA-202,2025-11-11,Assumption,Migration Tools Backward Compatibility,Assuming current customer cluster (v7.x) supports v9.x migration tools without additional patches.,Medium,Low,Product Manager,2025-11-20,Monitoring,Validate compatibility matrix and perform test migration,Customer cluster is highly customized.
RA-203,2025-11-12,Issue,High UI Latency in Large Clusters,Users experience 5–8s delays on dashboard rendering during peak load in 600+ node clusters.,High,High,UI Architect,2025-11-22,Open,Optimize API response payloads and add client-side caching,Customer reports delays during capacity planning.
RA-204,2025-11-12,Dependency,Direct Connect Upgrade Pending,Customer’s network team must approve bandwidth upgrade to stabilize replication job performance.,Medium,Medium,Customer Network Team,2025-11-30,Open,Follow up in weekly sync; provide utilization metrics for justification,Impacts Wave 2 replication timelines.
RA-205,2025-11-13,Risk,Log Volume Overages,SIEM log export feature may exceed customer’s daily ingestion quota causing unexpected Splunk costs.,Medium,High,SecOps Team,2025-12-05,Monitoring,Introduce log sampling + configurable export frequency,Customer raised budgeting concerns.
RA-206,2025-11-14,Issue,Node Failure Alerts Missing Context,Alerts do not include node rack/zone metadata leading to slower incident triage.,Medium,Medium,Monitoring Engineer,2025-11-25,Open,Add metadata enrichment to alert pipeline and update schema,Customer requested enhancement after recent incident.
RA-207,2025-11-15,Dependency,Storage Expansion Approval,Customer procurement team must finalize PO for 120TB expansion before cluster scaling.,High,Low,Customer PM,2025-12-15,Open,Provide sizing report + ROI analysis to accelerate PO approval,Delays scale-out roadmap if not approved.
RA-208,2025-11-15,Assumption,Daily Backup Windows Remain Stable,Assuming current backup jobs will not exceed 4-hour nightly window after new retention policy.,Medium,Medium,Backup Engineer,2025-12-01,Monitoring,Run simulation with synthetic load to confirm window,Backup window historically tight.

